author,commits_total,avg_loc_change,avg_added,avg_deleted,avg_msg_length,avg_commit_hour,std_commit_hour,n_days_active,avg_files_changed
komstramast,8,8.125,6.25,1.875,12.375,12,2,8,1.125
a1dfal,7,61.42857142857143,48.142857142857146,13.285714285714286,24.714285714285715,15.571428571428571,0.5345224838248488,6,2.142857142857143
70x7,1,9,9,0,21,17,NA,1,1
