author,commits_total,avg_loc_change,avg_added,avg_deleted,avg_msg_length,avg_commit_hour,std_commit_hour,n_days_active,avg_files_changed
a1dfal,11,95.45454545454545,70.54545454545455,24.90909090909091,29.181818181818183,16,0.7745966692414834,10,3.727272727272727
komstramast,11,21.181818181818183,7.909090909090909,13.272727272727273,16.272727272727273,12.909090909090908,3.6456699097572027,11,1.5454545454545454
70x7,1,9,9,0,21,17,NA,1,1
